<?xml version="1.0" encoding="UTF-8"?>
<project-private xmlns="http://www.netbeans.org/ns/project-private/1">
    <editor-bookmarks xmlns="http://www.netbeans.org/ns/editor-bookmarks/2" lastBookmarkId="0"/>
    <open-files xmlns="http://www.netbeans.org/ns/projectui-open-files/2">
        <group>
            <file>file:/D:/Proyectos%20en%20Java/OnReady/src/onready/Utiles.java</file>
            <file>file:/D:/Proyectos%20en%20Java/OnReady/src/onready/Moto.java</file>
            <file>file:/D:/Proyectos%20en%20Java/OnReady/src/onready/OnReady.java</file>
            <file>file:/D:/Proyectos%20en%20Java/OnReady/src/onready/Auto.java</file>
            <file>file:/D:/Proyectos%20en%20Java/OnReady/src/onready/Vehiculo.java</file>
        </group>
    </open-files>
</project-private>
